dataset,source_file,source_sheet,source_row,donor_cn,donor,time_h,temperature_C,temperature_note,ultrasound,mode,aw,native_baseline,binding_capacity_mean,binding_capacity_sd,reduction_pct_vs_native,error_pct_vs_native,use_in_manuscript
long donor-time panel,2026.3.19-单糖二糖-糖基化-数据整理.xlsx,Sheet1,3,核糖,ribose,3,55,Source sheet does not print temperature; treated as the same dry-state framework used in the manuscript after user confirmation.,no US,dry,0.79,9.945517,3.045776,0.131056,69.3754,1.3177,candidate Supplementary Fig. 1 / Supplementary Data 4
long donor-time panel,2026.3.19-单糖二糖-糖基化-数据整理.xlsx,Sheet1,3,核糖,ribose,3,55,Source sheet does not print temperature; treated as the same dry-state framework used in the manuscript after user confirmation.,+US,dry,0.79,9.945517,2.084827,0.035523,79.0375,0.3572,candidate Supplementary Fig. 1 / Supplementary Data 4
long donor-time panel,2026.3.19-单糖二糖-糖基化-数据整理.xlsx,Sheet1,4,核糖,ribose,6,55,Source sheet does not print temperature; treated as the same dry-state framework used in the manuscript after user confirmation.,no US,dry,0.79,9.945517,1.814518,0.175806,81.7554,1.7677,candidate Supplementary Fig. 1 / Supplementary Data 4
long donor-time panel,2026.3.19-单糖二糖-糖基化-数据整理.xlsx,Sheet1,4,核糖,ribose,6,55,Source sheet does not print temperature; treated as the same dry-state framework used in the manuscript after user confirmation.,+US,dry,0.79,9.945517,1.620124,0.042921,83.71,0.4316,candidate Supplementary Fig. 1 / Supplementary Data 4
long donor-time panel,2026.3.19-单糖二糖-糖基化-数据整理.xlsx,Sheet1,5,核糖,ribose,9,55,Source sheet does not print temperature; treated as the same dry-state framework used in the manuscript after user confirmation.,no US,dry,0.79,9.945517,1.616264,0.066249,83.7488,0.6661,candidate Supplementary Fig. 1 / Supplementary Data 4
long donor-time panel,2026.3.19-单糖二糖-糖基化-数据整理.xlsx,Sheet1,5,核糖,ribose,9,55,Source sheet does not print temperature; treated as the same dry-state framework used in the manuscript after user confirmation.,+US,dry,0.79,9.945517,1.113851,0.074958,88.8005,0.7537,candidate Supplementary Fig. 1 / Supplementary Data 4
long donor-time panel,2026.3.19-单糖二糖-糖基化-数据整理.xlsx,Sheet1,6,核糖,ribose,12,55,Source sheet does not print temperature; treated as the same dry-state framework used in the manuscript after user confirmation.,no US,dry,0.79,9.945517,0.885291,0.058224,91.0986,0.5854,candidate Supplementary Fig. 1 / Supplementary Data 4
long donor-time panel,2026.3.19-单糖二糖-糖基化-数据整理.xlsx,Sheet1,6,核糖,ribose,12,55,Source sheet does not print temperature; treated as the same dry-state framework used in the manuscript after user confirmation.,+US,dry,0.79,9.945517,0.875715,0.024362,91.1949,0.245,candidate Supplementary Fig. 1 / Supplementary Data 4
long donor-time panel,2026.3.19-单糖二糖-糖基化-数据整理.xlsx,Sheet1,7,核糖,ribose,18,55,Source sheet does not print temperature; treated as the same dry-state framework used in the manuscript after user confirmation.,no US,dry,0.79,9.945517,0.773922,0.163194,92.2184,1.6409,candidate Supplementary Fig. 1 / Supplementary Data 4
long donor-time panel,2026.3.19-单糖二糖-糖基化-数据整理.xlsx,Sheet1,7,核糖,ribose,18,55,Source sheet does not print temperature; treated as the same dry-state framework used in the manuscript after user confirmation.,+US,dry,0.79,9.945517,0.674056,0.013694,93.2225,0.1377,candidate Supplementary Fig. 1 / Supplementary Data 4
long donor-time panel,2026.3.19-单糖二糖-糖基化-数据整理.xlsx,Sheet1,8,核糖,ribose,24,55,Source sheet does not print temperature; treated as the same dry-state framework used in the manuscript after user confirmation.,no US,dry,0.79,9.945517,0.593609,0.023052,94.0314,0.2318,candidate Supplementary Fig. 1 / Supplementary Data 4
long donor-time panel,2026.3.19-单糖二糖-糖基化-数据整理.xlsx,Sheet1,8,核糖,ribose,24,55,Source sheet does not print temperature; treated as the same dry-state framework used in the manuscript after user confirmation.,+US,dry,0.79,9.945517,0.542239,0.019803,94.5479,0.1991,candidate Supplementary Fig. 1 / Supplementary Data 4
long donor-time panel,2026.3.19-单糖二糖-糖基化-数据整理.xlsx,Sheet1,9,木糖,xylose,3,55,Source sheet does not print temperature; treated as the same dry-state framework used in the manuscript after user confirmation.,no US,dry,0.79,9.945517,3.103571,0.456242,68.7943,4.5874,candidate Supplementary Fig. 1 / Supplementary Data 4
long donor-time panel,2026.3.19-单糖二糖-糖基化-数据整理.xlsx,Sheet1,9,木糖,xylose,3,55,Source sheet does not print temperature; treated as the same dry-state framework used in the manuscript after user confirmation.,+US,dry,0.79,9.945517,2.542113,0.142228,74.4396,1.4301,candidate Supplementary Fig. 1 / Supplementary Data 4
long donor-time panel,2026.3.19-单糖二糖-糖基化-数据整理.xlsx,Sheet1,10,木糖,xylose,6,55,Source sheet does not print temperature; treated as the same dry-state framework used in the manuscript after user confirmation.,no US,dry,0.79,9.945517,2.100456,0.144912,78.8804,1.4571,candidate Supplementary Fig. 1 / Supplementary Data 4
long donor-time panel,2026.3.19-单糖二糖-糖基化-数据整理.xlsx,Sheet1,10,木糖,xylose,6,55,Source sheet does not print temperature; treated as the same dry-state framework used in the manuscript after user confirmation.,+US,dry,0.79,9.945517,1.726776,0.219501,82.6376,2.207,candidate Supplementary Fig. 1 / Supplementary Data 4
long donor-time panel,2026.3.19-单糖二糖-糖基化-数据整理.xlsx,Sheet1,11,木糖,xylose,9,55,Source sheet does not print temperature; treated as the same dry-state framework used in the manuscript after user confirmation.,no US,dry,0.79,9.945517,1.381452,0.050323,86.1098,0.506,candidate Supplementary Fig. 1 / Supplementary Data 4
long donor-time panel,2026.3.19-单糖二糖-糖基化-数据整理.xlsx,Sheet1,11,木糖,xylose,9,55,Source sheet does not print temperature; treated as the same dry-state framework used in the manuscript after user confirmation.,+US,dry,0.79,9.945517,1.213936,0.022387,87.7941,0.2251,candidate Supplementary Fig. 1 / Supplementary Data 4
long donor-time panel,2026.3.19-单糖二糖-糖基化-数据整理.xlsx,Sheet1,12,木糖,xylose,12,55,Source sheet does not print temperature; treated as the same dry-state framework used in the manuscript after user confirmation.,no US,dry,0.79,9.945517,1.04143,0.024808,89.5286,0.2494,candidate Supplementary Fig. 1 / Supplementary Data 4
long donor-time panel,2026.3.19-单糖二糖-糖基化-数据整理.xlsx,Sheet1,12,木糖,xylose,12,55,Source sheet does not print temperature; treated as the same dry-state framework used in the manuscript after user confirmation.,+US,dry,0.79,9.945517,1.033006,0.073582,89.6133,0.7398,candidate Supplementary Fig. 1 / Supplementary Data 4
long donor-time panel,2026.3.19-单糖二糖-糖基化-数据整理.xlsx,Sheet1,13,木糖,xylose,18,55,Source sheet does not print temperature; treated as the same dry-state framework used in the manuscript after user confirmation.,no US,dry,0.79,9.945517,0.867261,0.068751,91.2799,0.6913,candidate Supplementary Fig. 1 / Supplementary Data 4
long donor-time panel,2026.3.19-单糖二糖-糖基化-数据整理.xlsx,Sheet1,13,木糖,xylose,18,55,Source sheet does not print temperature; treated as the same dry-state framework used in the manuscript after user confirmation.,+US,dry,0.79,9.945517,0.774713,0.032418,92.2104,0.326,candidate Supplementary Fig. 1 / Supplementary Data 4
long donor-time panel,2026.3.19-单糖二糖-糖基化-数据整理.xlsx,Sheet1,14,木糖,xylose,24,55,Source sheet does not print temperature; treated as the same dry-state framework used in the manuscript after user confirmation.,no US,dry,0.79,9.945517,0.672718,0.021351,93.236,0.2147,candidate Supplementary Fig. 1 / Supplementary Data 4
long donor-time panel,2026.3.19-单糖二糖-糖基化-数据整理.xlsx,Sheet1,14,木糖,xylose,24,55,Source sheet does not print temperature; treated as the same dry-state framework used in the manuscript after user confirmation.,+US,dry,0.79,9.945517,0.454222,0.024783,95.4329,0.2492,candidate Supplementary Fig. 1 / Supplementary Data 4
long donor-time panel,2026.3.19-单糖二糖-糖基化-数据整理.xlsx,Sheet1,15,阿拉伯糖,arabinose,3,55,Source sheet does not print temperature; treated as the same dry-state framework used in the manuscript after user confirmation.,no US,dry,0.79,9.945517,3.253297,0.095761,67.2888,0.9629,candidate Supplementary Fig. 1 / Supplementary Data 4
long donor-time panel,2026.3.19-单糖二糖-糖基化-数据整理.xlsx,Sheet1,15,阿拉伯糖,arabinose,3,55,Source sheet does not print temperature; treated as the same dry-state framework used in the manuscript after user confirmation.,+US,dry,0.79,9.945517,2.488551,0.139745,74.9782,1.4051,candidate Supplementary Fig. 1 / Supplementary Data 4
long donor-time panel,2026.3.19-单糖二糖-糖基化-数据整理.xlsx,Sheet1,16,阿拉伯糖,arabinose,6,55,Source sheet does not print temperature; treated as the same dry-state framework used in the manuscript after user confirmation.,no US,dry,0.79,9.945517,2.457088,0.046489,75.2945,0.4674,candidate Supplementary Fig. 1 / Supplementary Data 4
long donor-time panel,2026.3.19-单糖二糖-糖基化-数据整理.xlsx,Sheet1,16,阿拉伯糖,arabinose,6,55,Source sheet does not print temperature; treated as the same dry-state framework used in the manuscript after user confirmation.,+US,dry,0.79,9.945517,2.133283,0.053306,78.5503,0.536,candidate Supplementary Fig. 1 / Supplementary Data 4
long donor-time panel,2026.3.19-单糖二糖-糖基化-数据整理.xlsx,Sheet1,17,阿拉伯糖,arabinose,9,55,Source sheet does not print temperature; treated as the same dry-state framework used in the manuscript after user confirmation.,no US,dry,0.79,9.945517,2.161178,0.022903,78.2698,0.2303,candidate Supplementary Fig. 1 / Supplementary Data 4
long donor-time panel,2026.3.19-单糖二糖-糖基化-数据整理.xlsx,Sheet1,17,阿拉伯糖,arabinose,9,55,Source sheet does not print temperature; treated as the same dry-state framework used in the manuscript after user confirmation.,+US,dry,0.79,9.945517,1.569689,0.060316,84.2171,0.6065,candidate Supplementary Fig. 1 / Supplementary Data 4
long donor-time panel,2026.3.19-单糖二糖-糖基化-数据整理.xlsx,Sheet1,18,阿拉伯糖,arabinose,12,55,Source sheet does not print temperature; treated as the same dry-state framework used in the manuscript after user confirmation.,no US,dry,0.79,9.945517,1.081533,0.026033,89.1254,0.2618,candidate Supplementary Fig. 1 / Supplementary Data 4
long donor-time panel,2026.3.19-单糖二糖-糖基化-数据整理.xlsx,Sheet1,18,阿拉伯糖,arabinose,12,55,Source sheet does not print temperature; treated as the same dry-state framework used in the manuscript after user confirmation.,+US,dry,0.79,9.945517,0.929073,0.017473,90.6584,0.1757,candidate Supplementary Fig. 1 / Supplementary Data 4
long donor-time panel,2026.3.19-单糖二糖-糖基化-数据整理.xlsx,Sheet1,19,阿拉伯糖,arabinose,18,55,Source sheet does not print temperature; treated as the same dry-state framework used in the manuscript after user confirmation.,no US,dry,0.79,9.945517,0.964374,0.102817,90.3034,1.0338,candidate Supplementary Fig. 1 / Supplementary Data 4
long donor-time panel,2026.3.19-单糖二糖-糖基化-数据整理.xlsx,Sheet1,19,阿拉伯糖,arabinose,18,55,Source sheet does not print temperature; treated as the same dry-state framework used in the manuscript after user confirmation.,+US,dry,0.79,9.945517,0.878956,0.029611,91.1623,0.2977,candidate Supplementary Fig. 1 / Supplementary Data 4
long donor-time panel,2026.3.19-单糖二糖-糖基化-数据整理.xlsx,Sheet1,20,阿拉伯糖,arabinose,24,55,Source sheet does not print temperature; treated as the same dry-state framework used in the manuscript after user confirmation.,no US,dry,0.79,9.945517,0.726773,0.061165,92.6925,0.615,candidate Supplementary Fig. 1 / Supplementary Data 4
long donor-time panel,2026.3.19-单糖二糖-糖基化-数据整理.xlsx,Sheet1,20,阿拉伯糖,arabinose,24,55,Source sheet does not print temperature; treated as the same dry-state framework used in the manuscript after user confirmation.,+US,dry,0.79,9.945517,0.446568,0.036889,95.5099,0.3709,candidate Supplementary Fig. 1 / Supplementary Data 4
long donor-time panel,2026.3.19-单糖二糖-糖基化-数据整理.xlsx,Sheet1,21,葡萄糖,glucose,3,55,Source sheet does not print temperature; treated as the same dry-state framework used in the manuscript after user confirmation.,no US,dry,0.79,9.945517,3.299191,0.279101,66.8274,2.8063,candidate Supplementary Fig. 1 / Supplementary Data 4
long donor-time panel,2026.3.19-单糖二糖-糖基化-数据整理.xlsx,Sheet1,21,葡萄糖,glucose,3,55,Source sheet does not print temperature; treated as the same dry-state framework used in the manuscript after user confirmation.,+US,dry,0.79,9.945517,2.885689,0.198028,70.985,1.9911,candidate Supplementary Fig. 1 / Supplementary Data 4
long donor-time panel,2026.3.19-单糖二糖-糖基化-数据整理.xlsx,Sheet1,22,葡萄糖,glucose,6,55,Source sheet does not print temperature; treated as the same dry-state framework used in the manuscript after user confirmation.,no US,dry,0.79,9.945517,2.59696,0.034638,73.8881,0.3483,candidate Supplementary Fig. 1 / Supplementary Data 4
long donor-time panel,2026.3.19-单糖二糖-糖基化-数据整理.xlsx,Sheet1,22,葡萄糖,glucose,6,55,Source sheet does not print temperature; treated as the same dry-state framework used in the manuscript after user confirmation.,+US,dry,0.79,9.945517,2.113015,0.083581,78.7541,0.8404,candidate Supplementary Fig. 1 / Supplementary Data 4
long donor-time panel,2026.3.19-单糖二糖-糖基化-数据整理.xlsx,Sheet1,23,葡萄糖,glucose,9,55,Source sheet does not print temperature; treated as the same dry-state framework used in the manuscript after user confirmation.,no US,dry,0.79,9.945517,1.969813,0.204104,80.194,2.0522,candidate Supplementary Fig. 1 / Supplementary Data 4
long donor-time panel,2026.3.19-单糖二糖-糖基化-数据整理.xlsx,Sheet1,23,葡萄糖,glucose,9,55,Source sheet does not print temperature; treated as the same dry-state framework used in the manuscript after user confirmation.,+US,dry,0.79,9.945517,1.740168,0.072504,82.503,0.729,candidate Supplementary Fig. 1 / Supplementary Data 4
long donor-time panel,2026.3.19-单糖二糖-糖基化-数据整理.xlsx,Sheet1,24,葡萄糖,glucose,12,55,Source sheet does not print temperature; treated as the same dry-state framework used in the manuscript after user confirmation.,no US,dry,0.79,9.945517,1.678591,0.036903,83.1221,0.371,candidate Supplementary Fig. 1 / Supplementary Data 4
long donor-time panel,2026.3.19-单糖二糖-糖基化-数据整理.xlsx,Sheet1,24,葡萄糖,glucose,12,55,Source sheet does not print temperature; treated as the same dry-state framework used in the manuscript after user confirmation.,+US,dry,0.79,9.945517,1.558229,0.04712,84.3324,0.4738,candidate Supplementary Fig. 1 / Supplementary Data 4
long donor-time panel,2026.3.19-单糖二糖-糖基化-数据整理.xlsx,Sheet1,25,葡萄糖,glucose,18,55,Source sheet does not print temperature; treated as the same dry-state framework used in the manuscript after user confirmation.,no US,dry,0.79,9.945517,1.306228,0.026175,86.8662,0.2632,candidate Supplementary Fig. 1 / Supplementary Data 4
long donor-time panel,2026.3.19-单糖二糖-糖基化-数据整理.xlsx,Sheet1,25,葡萄糖,glucose,18,55,Source sheet does not print temperature; treated as the same dry-state framework used in the manuscript after user confirmation.,+US,dry,0.79,9.945517,1.202422,0.015666,87.9099,0.1575,candidate Supplementary Fig. 1 / Supplementary Data 4
long donor-time panel,2026.3.19-单糖二糖-糖基化-数据整理.xlsx,Sheet1,26,葡萄糖,glucose,24,55,Source sheet does not print temperature; treated as the same dry-state framework used in the manuscript after user confirmation.,no US,dry,0.79,9.945517,1.153117,0.019307,88.4057,0.1941,candidate Supplementary Fig. 1 / Supplementary Data 4
long donor-time panel,2026.3.19-单糖二糖-糖基化-数据整理.xlsx,Sheet1,26,葡萄糖,glucose,24,55,Source sheet does not print temperature; treated as the same dry-state framework used in the manuscript after user confirmation.,+US,dry,0.79,9.945517,0.913503,0.07478,90.8149,0.7519,candidate Supplementary Fig. 1 / Supplementary Data 4
long donor-time panel,2026.3.19-单糖二糖-糖基化-数据整理.xlsx,Sheet1,27,果糖,fructose,3,55,Source sheet does not print temperature; treated as the same dry-state framework used in the manuscript after user confirmation.,no US,dry,0.79,9.945517,4.21532,0.478742,57.6159,4.8136,candidate Supplementary Fig. 1 / Supplementary Data 4
long donor-time panel,2026.3.19-单糖二糖-糖基化-数据整理.xlsx,Sheet1,27,果糖,fructose,3,55,Source sheet does not print temperature; treated as the same dry-state framework used in the manuscript after user confirmation.,+US,dry,0.79,9.945517,3.959904,0.037306,60.184,0.3751,candidate Supplementary Fig. 1 / Supplementary Data 4
long donor-time panel,2026.3.19-单糖二糖-糖基化-数据整理.xlsx,Sheet1,28,果糖,fructose,6,55,Source sheet does not print temperature; treated as the same dry-state framework used in the manuscript after user confirmation.,no US,dry,0.79,9.945517,2.790255,0.132079,71.9446,1.328,candidate Supplementary Fig. 1 / Supplementary Data 4
long donor-time panel,2026.3.19-单糖二糖-糖基化-数据整理.xlsx,Sheet1,28,果糖,fructose,6,55,Source sheet does not print temperature; treated as the same dry-state framework used in the manuscript after user confirmation.,+US,dry,0.79,9.945517,2.501557,0.066077,74.8474,0.6644,candidate Supplementary Fig. 1 / Supplementary Data 4
long donor-time panel,2026.3.19-单糖二糖-糖基化-数据整理.xlsx,Sheet1,29,果糖,fructose,9,55,Source sheet does not print temperature; treated as the same dry-state framework used in the manuscript after user confirmation.,no US,dry,0.79,9.945517,2.640818,0.245189,73.4472,2.4653,candidate Supplementary Fig. 1 / Supplementary Data 4
long donor-time panel,2026.3.19-单糖二糖-糖基化-数据整理.xlsx,Sheet1,29,果糖,fructose,9,55,Source sheet does not print temperature; treated as the same dry-state framework used in the manuscript after user confirmation.,+US,dry,0.79,9.945517,2.334278,0.063743,76.5293,0.6409,candidate Supplementary Fig. 1 / Supplementary Data 4
long donor-time panel,2026.3.19-单糖二糖-糖基化-数据整理.xlsx,Sheet1,30,果糖,fructose,12,55,Source sheet does not print temperature; treated as the same dry-state framework used in the manuscript after user confirmation.,no US,dry,0.79,9.945517,2.447419,0.012219,75.3917,0.1229,candidate Supplementary Fig. 1 / Supplementary Data 4
long donor-time panel,2026.3.19-单糖二糖-糖基化-数据整理.xlsx,Sheet1,30,果糖,fructose,12,55,Source sheet does not print temperature; treated as the same dry-state framework used in the manuscript after user confirmation.,+US,dry,0.79,9.945517,1.977196,0.030495,80.1197,0.3066,candidate Supplementary Fig. 1 / Supplementary Data 4
long donor-time panel,2026.3.19-单糖二糖-糖基化-数据整理.xlsx,Sheet1,31,果糖,fructose,18,55,Source sheet does not print temperature; treated as the same dry-state framework used in the manuscript after user confirmation.,no US,dry,0.79,9.945517,1.61221,0.073562,83.7896,0.7396,candidate Supplementary Fig. 1 / Supplementary Data 4
long donor-time panel,2026.3.19-单糖二糖-糖基化-数据整理.xlsx,Sheet1,31,果糖,fructose,18,55,Source sheet does not print temperature; treated as the same dry-state framework used in the manuscript after user confirmation.,+US,dry,0.79,9.945517,1.551451,0.113771,84.4005,1.1439,candidate Supplementary Fig. 1 / Supplementary Data 4
long donor-time panel,2026.3.19-单糖二糖-糖基化-数据整理.xlsx,Sheet1,32,果糖,fructose,24,55,Source sheet does not print temperature; treated as the same dry-state framework used in the manuscript after user confirmation.,no US,dry,0.79,9.945517,1.253994,0.183431,87.3914,1.8444,candidate Supplementary Fig. 1 / Supplementary Data 4
long donor-time panel,2026.3.19-单糖二糖-糖基化-数据整理.xlsx,Sheet1,32,果糖,fructose,24,55,Source sheet does not print temperature; treated as the same dry-state framework used in the manuscript after user confirmation.,+US,dry,0.79,9.945517,1.186249,0.102411,88.0725,1.0297,candidate Supplementary Fig. 1 / Supplementary Data 4
long donor-time panel,2026.3.19-单糖二糖-糖基化-数据整理.xlsx,Sheet1,33,半乳糖,galactose,3,55,Source sheet does not print temperature; treated as the same dry-state framework used in the manuscript after user confirmation.,no US,dry,0.79,9.945517,4.278024,0.337357,56.9854,3.392,candidate Supplementary Fig. 1 / Supplementary Data 4
long donor-time panel,2026.3.19-单糖二糖-糖基化-数据整理.xlsx,Sheet1,33,半乳糖,galactose,3,55,Source sheet does not print temperature; treated as the same dry-state framework used in the manuscript after user confirmation.,+US,dry,0.79,9.945517,4.248106,0.16127,57.2862,1.6215,candidate Supplementary Fig. 1 / Supplementary Data 4
long donor-time panel,2026.3.19-单糖二糖-糖基化-数据整理.xlsx,Sheet1,34,半乳糖,galactose,6,55,Source sheet does not print temperature; treated as the same dry-state framework used in the manuscript after user confirmation.,no US,dry,0.79,9.945517,3.334959,0.538884,66.4677,5.4184,candidate Supplementary Fig. 1 / Supplementary Data 4
long donor-time panel,2026.3.19-单糖二糖-糖基化-数据整理.xlsx,Sheet1,34,半乳糖,galactose,6,55,Source sheet does not print temperature; treated as the same dry-state framework used in the manuscript after user confirmation.,+US,dry,0.79,9.945517,2.397508,0.035458,75.8936,0.3565,candidate Supplementary Fig. 1 / Supplementary Data 4
long donor-time panel,2026.3.19-单糖二糖-糖基化-数据整理.xlsx,Sheet1,35,半乳糖,galactose,9,55,Source sheet does not print temperature; treated as the same dry-state framework used in the manuscript after user confirmation.,no US,dry,0.79,9.945517,2.148302,0.305334,78.3993,3.0701,candidate Supplementary Fig. 1 / Supplementary Data 4
long donor-time panel,2026.3.19-单糖二糖-糖基化-数据整理.xlsx,Sheet1,35,半乳糖,galactose,9,55,Source sheet does not print temperature; treated as the same dry-state framework used in the manuscript after user confirmation.,+US,dry,0.79,9.945517,1.861985,0.811668,81.2781,8.1611,candidate Supplementary Fig. 1 / Supplementary Data 4
long donor-time panel,2026.3.19-单糖二糖-糖基化-数据整理.xlsx,Sheet1,36,半乳糖,galactose,12,55,Source sheet does not print temperature; treated as the same dry-state framework used in the manuscript after user confirmation.,no US,dry,0.79,9.945517,1.426918,0.0999,85.6527,1.0045,candidate Supplementary Fig. 1 / Supplementary Data 4
long donor-time panel,2026.3.19-单糖二糖-糖基化-数据整理.xlsx,Sheet1,36,半乳糖,galactose,12,55,Source sheet does not print temperature; treated as the same dry-state framework used in the manuscript after user confirmation.,+US,dry,0.79,9.945517,1.186936,0.025793,88.0656,0.2593,candidate Supplementary Fig. 1 / Supplementary Data 4
long donor-time panel,2026.3.19-单糖二糖-糖基化-数据整理.xlsx,Sheet1,37,半乳糖,galactose,18,55,Source sheet does not print temperature; treated as the same dry-state framework used in the manuscript after user confirmation.,no US,dry,0.79,9.945517,1.227229,0.302662,87.6605,3.0432,candidate Supplementary Fig. 1 / Supplementary Data 4
long donor-time panel,2026.3.19-单糖二糖-糖基化-数据整理.xlsx,Sheet1,37,半乳糖,galactose,18,55,Source sheet does not print temperature; treated as the same dry-state framework used in the manuscript after user confirmation.,+US,dry,0.79,9.945517,0.811631,0.058166,91.8392,0.5848,candidate Supplementary Fig. 1 / Supplementary Data 4
long donor-time panel,2026.3.19-单糖二糖-糖基化-数据整理.xlsx,Sheet1,38,半乳糖,galactose,24,55,Source sheet does not print temperature; treated as the same dry-state framework used in the manuscript after user confirmation.,no US,dry,0.79,9.945517,0.767035,0.222214,92.2876,2.2343,candidate Supplementary Fig. 1 / Supplementary Data 4
long donor-time panel,2026.3.19-单糖二糖-糖基化-数据整理.xlsx,Sheet1,38,半乳糖,galactose,24,55,Source sheet does not print temperature; treated as the same dry-state framework used in the manuscript after user confirmation.,+US,dry,0.79,9.945517,0.693669,0.027112,93.0253,0.2726,candidate Supplementary Fig. 1 / Supplementary Data 4
long donor-time panel,2026.3.19-单糖二糖-糖基化-数据整理.xlsx,Sheet1,39,乳糖,lactose,3,55,Source sheet does not print temperature; treated as the same dry-state framework used in the manuscript after user confirmation.,no US,dry,0.79,9.945517,4.644816,0.160845,53.2974,1.6173,candidate Supplementary Fig. 1 / Supplementary Data 4
long donor-time panel,2026.3.19-单糖二糖-糖基化-数据整理.xlsx,Sheet1,39,乳糖,lactose,3,55,Source sheet does not print temperature; treated as the same dry-state framework used in the manuscript after user confirmation.,+US,dry,0.79,9.945517,3.815728,0.109083,61.6337,1.0968,candidate Supplementary Fig. 1 / Supplementary Data 4
long donor-time panel,2026.3.19-单糖二糖-糖基化-数据整理.xlsx,Sheet1,40,乳糖,lactose,6,55,Source sheet does not print temperature; treated as the same dry-state framework used in the manuscript after user confirmation.,no US,dry,0.79,9.945517,3.593634,0.03452,63.8668,0.3471,candidate Supplementary Fig. 1 / Supplementary Data 4
long donor-time panel,2026.3.19-单糖二糖-糖基化-数据整理.xlsx,Sheet1,40,乳糖,lactose,6,55,Source sheet does not print temperature; treated as the same dry-state framework used in the manuscript after user confirmation.,+US,dry,0.79,9.945517,3.438215,0.219678,65.4295,2.2088,candidate Supplementary Fig. 1 / Supplementary Data 4
long donor-time panel,2026.3.19-单糖二糖-糖基化-数据整理.xlsx,Sheet1,41,乳糖,lactose,9,55,Source sheet does not print temperature; treated as the same dry-state framework used in the manuscript after user confirmation.,no US,dry,0.79,9.945517,3.289919,0.093573,66.9206,0.9409,candidate Supplementary Fig. 1 / Supplementary Data 4
long donor-time panel,2026.3.19-单糖二糖-糖基化-数据整理.xlsx,Sheet1,41,乳糖,lactose,9,55,Source sheet does not print temperature; treated as the same dry-state framework used in the manuscript after user confirmation.,+US,dry,0.79,9.945517,2.21105,0.032559,77.7684,0.3274,candidate Supplementary Fig. 1 / Supplementary Data 4
long donor-time panel,2026.3.19-单糖二糖-糖基化-数据整理.xlsx,Sheet1,42,乳糖,lactose,12,55,Source sheet does not print temperature; treated as the same dry-state framework used in the manuscript after user confirmation.,no US,dry,0.79,9.945517,1.609404,0.026248,83.8178,0.2639,candidate Supplementary Fig. 1 / Supplementary Data 4
long donor-time panel,2026.3.19-单糖二糖-糖基化-数据整理.xlsx,Sheet1,42,乳糖,lactose,12,55,Source sheet does not print temperature; treated as the same dry-state framework used in the manuscript after user confirmation.,+US,dry,0.79,9.945517,1.009919,0.051504,89.8455,0.5179,candidate Supplementary Fig. 1 / Supplementary Data 4
long donor-time panel,2026.3.19-单糖二糖-糖基化-数据整理.xlsx,Sheet1,43,乳糖,lactose,18,55,Source sheet does not print temperature; treated as the same dry-state framework used in the manuscript after user confirmation.,no US,dry,0.79,9.945517,0.847252,0.268123,91.4811,2.6959,candidate Supplementary Fig. 1 / Supplementary Data 4
long donor-time panel,2026.3.19-单糖二糖-糖基化-数据整理.xlsx,Sheet1,43,乳糖,lactose,18,55,Source sheet does not print temperature; treated as the same dry-state framework used in the manuscript after user confirmation.,+US,dry,0.79,9.945517,0.842617,0.065746,91.5277,0.6611,candidate Supplementary Fig. 1 / Supplementary Data 4
long donor-time panel,2026.3.19-单糖二糖-糖基化-数据整理.xlsx,Sheet1,44,乳糖,lactose,24,55,Source sheet does not print temperature; treated as the same dry-state framework used in the manuscript after user confirmation.,no US,dry,0.79,9.945517,0.773717,0.091737,92.2204,0.9224,candidate Supplementary Fig. 1 / Supplementary Data 4
long donor-time panel,2026.3.19-单糖二糖-糖基化-数据整理.xlsx,Sheet1,44,乳糖,lactose,24,55,Source sheet does not print temperature; treated as the same dry-state framework used in the manuscript after user confirmation.,+US,dry,0.79,9.945517,0.747859,0.069923,92.4804,0.7031,candidate Supplementary Fig. 1 / Supplementary Data 4
long donor-time panel,2026.3.19-单糖二糖-糖基化-数据整理.xlsx,Sheet1,45,麦芽糖,maltose,3,55,Source sheet does not print temperature; treated as the same dry-state framework used in the manuscript after user confirmation.,no US,dry,0.79,9.945517,4.848876,0.010722,51.2456,0.1078,candidate Supplementary Fig. 1 / Supplementary Data 4
long donor-time panel,2026.3.19-单糖二糖-糖基化-数据整理.xlsx,Sheet1,45,麦芽糖,maltose,3,55,Source sheet does not print temperature; treated as the same dry-state framework used in the manuscript after user confirmation.,+US,dry,0.79,9.945517,3.852315,0.094675,61.2658,0.9519,candidate Supplementary Fig. 1 / Supplementary Data 4
long donor-time panel,2026.3.19-单糖二糖-糖基化-数据整理.xlsx,Sheet1,46,麦芽糖,maltose,6,55,Source sheet does not print temperature; treated as the same dry-state framework used in the manuscript after user confirmation.,no US,dry,0.79,9.945517,3.675441,0.096625,63.0442,0.9715,candidate Supplementary Fig. 1 / Supplementary Data 4
long donor-time panel,2026.3.19-单糖二糖-糖基化-数据整理.xlsx,Sheet1,46,麦芽糖,maltose,6,55,Source sheet does not print temperature; treated as the same dry-state framework used in the manuscript after user confirmation.,+US,dry,0.79,9.945517,2.669204,0.124288,73.1617,1.2497,candidate Supplementary Fig. 1 / Supplementary Data 4
long donor-time panel,2026.3.19-单糖二糖-糖基化-数据整理.xlsx,Sheet1,47,麦芽糖,maltose,9,55,Source sheet does not print temperature; treated as the same dry-state framework used in the manuscript after user confirmation.,no US,dry,0.79,9.945517,2.419327,0.154388,75.6742,1.5523,candidate Supplementary Fig. 1 / Supplementary Data 4
long donor-time panel,2026.3.19-单糖二糖-糖基化-数据整理.xlsx,Sheet1,47,麦芽糖,maltose,9,55,Source sheet does not print temperature; treated as the same dry-state framework used in the manuscript after user confirmation.,+US,dry,0.79,9.945517,2.28756,0.155153,76.9991,1.56,candidate Supplementary Fig. 1 / Supplementary Data 4
long donor-time panel,2026.3.19-单糖二糖-糖基化-数据整理.xlsx,Sheet1,48,麦芽糖,maltose,12,55,Source sheet does not print temperature; treated as the same dry-state framework used in the manuscript after user confirmation.,no US,dry,0.79,9.945517,2.161013,0.041386,78.2715,0.4161,candidate Supplementary Fig. 1 / Supplementary Data 4
long donor-time panel,2026.3.19-单糖二糖-糖基化-数据整理.xlsx,Sheet1,48,麦芽糖,maltose,12,55,Source sheet does not print temperature; treated as the same dry-state framework used in the manuscript after user confirmation.,+US,dry,0.79,9.945517,2.006611,0.106613,79.824,1.072,candidate Supplementary Fig. 1 / Supplementary Data 4
long donor-time panel,2026.3.19-单糖二糖-糖基化-数据整理.xlsx,Sheet1,49,麦芽糖,maltose,18,55,Source sheet does not print temperature; treated as the same dry-state framework used in the manuscript after user confirmation.,no US,dry,0.79,9.945517,1.867563,0.011786,81.2221,0.1185,candidate Supplementary Fig. 1 / Supplementary Data 4
long donor-time panel,2026.3.19-单糖二糖-糖基化-数据整理.xlsx,Sheet1,49,麦芽糖,maltose,18,55,Source sheet does not print temperature; treated as the same dry-state framework used in the manuscript after user confirmation.,+US,dry,0.79,9.945517,1.503622,0.004768,84.8814,0.0479,candidate Supplementary Fig. 1 / Supplementary Data 4
long donor-time panel,2026.3.19-单糖二糖-糖基化-数据整理.xlsx,Sheet1,50,麦芽糖,maltose,24,55,Source sheet does not print temperature; treated as the same dry-state framework used in the manuscript after user confirmation.,no US,dry,0.79,9.945517,1.472093,0.025731,85.1984,0.2587,candidate Supplementary Fig. 1 / Supplementary Data 4
long donor-time panel,2026.3.19-单糖二糖-糖基化-数据整理.xlsx,Sheet1,50,麦芽糖,maltose,24,55,Source sheet does not print temperature; treated as the same dry-state framework used in the manuscript after user confirmation.,+US,dry,0.79,9.945517,1.202537,0.092949,87.9088,0.9346,candidate Supplementary Fig. 1 / Supplementary Data 4
long donor-time panel,2026.3.19-单糖二糖-糖基化-数据整理.xlsx,Sheet1,51,纤维二糖,cellobiose,3,55,Source sheet does not print temperature; treated as the same dry-state framework used in the manuscript after user confirmation.,no US,dry,0.79,9.945517,4.854747,0.241578,51.1866,2.429,candidate Supplementary Fig. 1 / Supplementary Data 4
long donor-time panel,2026.3.19-单糖二糖-糖基化-数据整理.xlsx,Sheet1,51,纤维二糖,cellobiose,3,55,Source sheet does not print temperature; treated as the same dry-state framework used in the manuscript after user confirmation.,+US,dry,0.79,9.945517,3.872853,0.080291,61.0593,0.8073,candidate Supplementary Fig. 1 / Supplementary Data 4
long donor-time panel,2026.3.19-单糖二糖-糖基化-数据整理.xlsx,Sheet1,52,纤维二糖,cellobiose,6,55,Source sheet does not print temperature; treated as the same dry-state framework used in the manuscript after user confirmation.,no US,dry,0.79,9.945517,2.966302,0.053431,70.1745,0.5372,candidate Supplementary Fig. 1 / Supplementary Data 4
long donor-time panel,2026.3.19-单糖二糖-糖基化-数据整理.xlsx,Sheet1,52,纤维二糖,cellobiose,6,55,Source sheet does not print temperature; treated as the same dry-state framework used in the manuscript after user confirmation.,+US,dry,0.79,9.945517,2.783129,0.138329,72.0162,1.3909,candidate Supplementary Fig. 1 / Supplementary Data 4
long donor-time panel,2026.3.19-单糖二糖-糖基化-数据整理.xlsx,Sheet1,53,纤维二糖,cellobiose,9,55,Source sheet does not print temperature; treated as the same dry-state framework used in the manuscript after user confirmation.,no US,dry,0.79,9.945517,2.549804,0.103043,74.3623,1.0361,candidate Supplementary Fig. 1 / Supplementary Data 4
long donor-time panel,2026.3.19-单糖二糖-糖基化-数据整理.xlsx,Sheet1,53,纤维二糖,cellobiose,9,55,Source sheet does not print temperature; treated as the same dry-state framework used in the manuscript after user confirmation.,+US,dry,0.79,9.945517,2.128257,0.054877,78.6008,0.5518,candidate Supplementary Fig. 1 / Supplementary Data 4
long donor-time panel,2026.3.19-单糖二糖-糖基化-数据整理.xlsx,Sheet1,54,纤维二糖,cellobiose,12,55,Source sheet does not print temperature; treated as the same dry-state framework used in the manuscript after user confirmation.,no US,dry,0.79,9.945517,2.008028,0.016468,79.8097,0.1656,candidate Supplementary Fig. 1 / Supplementary Data 4
long donor-time panel,2026.3.19-单糖二糖-糖基化-数据整理.xlsx,Sheet1,54,纤维二糖,cellobiose,12,55,Source sheet does not print temperature; treated as the same dry-state framework used in the manuscript after user confirmation.,+US,dry,0.79,9.945517,1.840685,0.034794,81.4923,0.3498,candidate Supplementary Fig. 1 / Supplementary Data 4
long donor-time panel,2026.3.19-单糖二糖-糖基化-数据整理.xlsx,Sheet1,55,纤维二糖,cellobiose,18,55,Source sheet does not print temperature; treated as the same dry-state framework used in the manuscript after user confirmation.,no US,dry,0.79,9.945517,1.964309,0.031957,80.2493,0.3213,candidate Supplementary Fig. 1 / Supplementary Data 4
long donor-time panel,2026.3.19-单糖二糖-糖基化-数据整理.xlsx,Sheet1,55,纤维二糖,cellobiose,18,55,Source sheet does not print temperature; treated as the same dry-state framework used in the manuscript after user confirmation.,+US,dry,0.79,9.945517,1.821256,0.095136,81.6877,0.9566,candidate Supplementary Fig. 1 / Supplementary Data 4
long donor-time panel,2026.3.19-单糖二糖-糖基化-数据整理.xlsx,Sheet1,56,纤维二糖,cellobiose,24,55,Source sheet does not print temperature; treated as the same dry-state framework used in the manuscript after user confirmation.,no US,dry,0.79,9.945517,1.543775,0.025292,84.4777,0.2543,candidate Supplementary Fig. 1 / Supplementary Data 4
long donor-time panel,2026.3.19-单糖二糖-糖基化-数据整理.xlsx,Sheet1,56,纤维二糖,cellobiose,24,55,Source sheet does not print temperature; treated as the same dry-state framework used in the manuscript after user confirmation.,+US,dry,0.79,9.945517,1.621342,0.040381,83.6978,0.406,candidate Supplementary Fig. 1 / Supplementary Data 4
